<?xml version="1.0" encoding="UTF-8" standalone="yes"?>
<dnnParams>
    <networks>
        <network name="model1" ordinal="0" type="">
            <inputTensors>
                <inputTensor persistency="1" ordinal="0" name="Placeholder.input.uid1:0" l2Offset="2443712" numOfDimensions="3" bitsPerElement="8" shift="0" scale="0.00390625" format="unsigned">
                    <dimensions>
                        <dimension size="3" serializationOrder="2" ordinal="0" padding="0"/>
                        <dimension size="416" serializationOrder="1" ordinal="1" padding="0"/>
                        <dimension size="416" serializationOrder="0" ordinal="2" padding="0"/>
                    </dimensions>
                </inputTensor>
            </inputTensors>
            <outputTensors>
                <outputTensor ordinal="1" name="transform-123-0-/Sigmoid:0" l2Offset="3195328" numOfDimensions="2" bitsPerElement="8" shift="0" scale="0.00390625" format="unsigned">
                    <dimensions>
                        <dimension size="2" serializationOrder="0" ordinal="0" padding="0"/>
                        <dimension size="3549" serializationOrder="1" ordinal="1" padding="0"/>
                    </dimensions>
                </outputTensor>
                <outputTensor ordinal="0" name="transform-44-0-/Reshape_4:0" l2Offset="3082688" numOfDimensions="2" bitsPerElement="8" shift="0" scale="0.0625" format="unsigned">
                    <dimensions>
                        <dimension size="4" serializationOrder="0" ordinal="0" padding="0"/>
                        <dimension size="3549" serializationOrder="1" ordinal="1" padding="0"/>
                    </dimensions>
                </outputTensor>
            </outputTensors>
        </network>
    </networks>
    <l2memory totalSize="8388480" coefficientsSize="3108288" reservedMemorySize="1024" networksRuntimeSize="2836480"/>
</dnnParams>
